-- ==============================
-- MENTORMALL 샘플 데이터
-- ==============================

-- 카테고리(CATEGORIES) 테이블
INSERT INTO CATEGORIES (CATEGORY_ID, PARENT_ID, CATEGORY_NAME, CATEGORY_LEVEL) VALUES (1, NULL, '도서', 1);
INSERT INTO CATEGORIES (CATEGORY_ID, PARENT_ID, CATEGORY_NAME, CATEGORY_LEVEL) VALUES (2, NULL, '문구', 1);
INSERT INTO CATEGORIES (CATEGORY_ID, PARENT_ID, CATEGORY_NAME, CATEGORY_LEVEL) VALUES (3, NULL, '굿즈', 1);
INSERT INTO CATEGORIES (CATEGORY_ID, PARENT_ID, CATEGORY_NAME, CATEGORY_LEVEL) VALUES (4, 1, '소설', 2);
INSERT INTO CATEGORIES (CATEGORY_ID, PARENT_ID, CATEGORY_NAME, CATEGORY_LEVEL) VALUES (5, 1, '자기계발', 2);
INSERT INTO CATEGORIES (CATEGORY_ID, PARENT_ID, CATEGORY_NAME, CATEGORY_LEVEL) VALUES (6, 1, '인문/사회', 2);
INSERT INTO CATEGORIES (CATEGORY_ID, PARENT_ID, CATEGORY_NAME, CATEGORY_LEVEL) VALUES (7, 4, '한국소설', 3);
INSERT INTO CATEGORIES (CATEGORY_ID, PARENT_ID, CATEGORY_NAME, CATEGORY_LEVEL) VALUES (8, 4, '외국소설', 3);
INSERT INTO CATEGORIES (CATEGORY_ID, PARENT_ID, CATEGORY_NAME, CATEGORY_LEVEL) VALUES (9, 5, '시간관리', 3);
INSERT INTO CATEGORIES (CATEGORY_ID, PARENT_ID, CATEGORY_NAME, CATEGORY_LEVEL) VALUES (10, 6, '철학', 3);
INSERT INTO CATEGORIES (CATEGORY_ID, PARENT_ID, CATEGORY_NAME, CATEGORY_LEVEL) VALUES (11, 6, '심리학', 3);

-- 고객(CUSTOMERS) 테이블
INSERT INTO CUSTOMERS (CUSTOMER_ID, NAME, EMAIL, PHONE, REGISTERED_DATE, IS_ACTIVE) VALUES (1, '김하늘', 'KH@MM.COM', '010-1000-0001', TO_DATE('2024-12-01', 'YYYY-MM-DD'), 'Y');
INSERT INTO CUSTOMERS (CUSTOMER_ID, NAME, EMAIL, PHONE, REGISTERED_DATE, IS_ACTIVE) VALUES (2, '박서준', 'PSJ@MM.COM', '010-1000-0002', TO_DATE('2024-12-03', 'YYYY-MM-DD'), 'Y');
INSERT INTO CUSTOMERS (CUSTOMER_ID, NAME, EMAIL, PHONE, REGISTERED_DATE, IS_ACTIVE) VALUES (3, '이보영', 'LBY@MM.COM', '010-1000-0003', TO_DATE('2024-12-05', 'YYYY-MM-DD'), 'Y');
INSERT INTO CUSTOMERS (CUSTOMER_ID, NAME, EMAIL, PHONE, REGISTERED_DATE, IS_ACTIVE) VALUES (4, '정해인', 'JHI@MM.COM', '010-1000-0004', TO_DATE('2025-01-01', 'YYYY-MM-DD'), 'Y');
INSERT INTO CUSTOMERS (CUSTOMER_ID, NAME, EMAIL, PHONE, REGISTERED_DATE, IS_ACTIVE) VALUES (5, '신민아', 'SMA@MM.COM', '010-1000-0005', TO_DATE('2025-01-05', 'YYYY-MM-DD'), 'Y');
INSERT INTO CUSTOMERS (CUSTOMER_ID, NAME, EMAIL, PHONE, REGISTERED_DATE, IS_ACTIVE) VALUES (6, '이종석', 'LJS@MM.COM', '010-1000-0006', TO_DATE('2025-01-10', 'YYYY-MM-DD'), 'Y');
INSERT INTO CUSTOMERS (CUSTOMER_ID, NAME, EMAIL, PHONE, REGISTERED_DATE, IS_ACTIVE) VALUES (7, '김소현', 'KSH@MM.COM', '010-1000-0007', TO_DATE('2025-02-01', 'YYYY-MM-DD'), 'Y');
INSERT INTO CUSTOMERS (CUSTOMER_ID, NAME, EMAIL, PHONE, REGISTERED_DATE, IS_ACTIVE) VALUES (8, '남주혁', 'NJH@MM.COM', '010-1000-0008', TO_DATE('2025-02-12', 'YYYY-MM-DD'), 'Y');
INSERT INTO CUSTOMERS (CUSTOMER_ID, NAME, EMAIL, PHONE, REGISTERED_DATE, IS_ACTIVE) VALUES (9, '김태리', 'KTR@MM.COM', '010-1000-0009', TO_DATE('2025-02-25', 'YYYY-MM-DD'), 'Y');
INSERT INTO CUSTOMERS (CUSTOMER_ID, NAME, EMAIL, PHONE, REGISTERED_DATE, IS_ACTIVE) VALUES (10, '유연석', 'YYS@MM.COM', '010-1000-0010', TO_DATE('2025-03-03', 'YYYY-MM-DD'), 'Y');


-- 상품(PRODUCTS) 테이블
INSERT INTO PRODUCTS (PRODUCT_ID, NAME, CATEGORY_ID, PRICE, STOCK_QUANTITY, CREATED_AT) VALUES (1, '82년생 김지영', 11, 14000, 455, TO_DATE('2025-04-26', 'YYYY-MM-DD'));
INSERT INTO PRODUCTS (PRODUCT_ID, NAME, CATEGORY_ID, PRICE, STOCK_QUANTITY, CREATED_AT) VALUES (2, '소년이 온다', 11, 12000, 397, TO_DATE('2025-05-14', 'YYYY-MM-DD'));
INSERT INTO PRODUCTS (PRODUCT_ID, NAME, CATEGORY_ID, PRICE, STOCK_QUANTITY, CREATED_AT) VALUES (3, '채식주의자', 8, 12900, 221, TO_DATE('2025-05-11', 'YYYY-MM-DD'));
INSERT INTO PRODUCTS (PRODUCT_ID, NAME, CATEGORY_ID, PRICE, STOCK_QUANTITY, CREATED_AT) VALUES (4, '노르웨이의 숲', 9, 15700, 46, TO_DATE('2025-05-21', 'YYYY-MM-DD'));
INSERT INTO PRODUCTS (PRODUCT_ID, NAME, CATEGORY_ID, PRICE, STOCK_QUANTITY, CREATED_AT) VALUES (5, '위대한 개츠비', 7, 10800, 107, TO_DATE('2025-05-24', 'YYYY-MM-DD'));
INSERT INTO PRODUCTS (PRODUCT_ID, NAME, CATEGORY_ID, PRICE, STOCK_QUANTITY, CREATED_AT) VALUES (6, '1984', 8, 7700, 418, TO_DATE('2025-04-12', 'YYYY-MM-DD'));
INSERT INTO PRODUCTS (PRODUCT_ID, NAME, CATEGORY_ID, PRICE, STOCK_QUANTITY, CREATED_AT) VALUES (7, '몰입', 8, 16500, 423, TO_DATE('2025-04-07', 'YYYY-MM-DD'));
INSERT INTO PRODUCTS (PRODUCT_ID, NAME, CATEGORY_ID, PRICE, STOCK_QUANTITY, CREATED_AT) VALUES (8, '성공하는 사람들의 7가지 습관', 9, 4100, 290, TO_DATE('2025-05-05', 'YYYY-MM-DD'));
INSERT INTO PRODUCTS (PRODUCT_ID, NAME, CATEGORY_ID, PRICE, STOCK_QUANTITY, CREATED_AT) VALUES (9, '아주 작은 습관의 힘', 7, 9200, 402, TO_DATE('2025-05-26', 'YYYY-MM-DD'));
INSERT INTO PRODUCTS (PRODUCT_ID, NAME, CATEGORY_ID, PRICE, STOCK_QUANTITY, CREATED_AT) VALUES (10, '소크라테스의 변명', 7, 12400, 233, TO_DATE('2025-04-23', 'YYYY-MM-DD'));
INSERT INTO PRODUCTS (PRODUCT_ID, NAME, CATEGORY_ID, PRICE, STOCK_QUANTITY, CREATED_AT) VALUES (11, '니코마코스 윤리학', 9, 15700, 336, TO_DATE('2025-04-16', 'YYYY-MM-DD'));
INSERT INTO PRODUCTS (PRODUCT_ID, NAME, CATEGORY_ID, PRICE, STOCK_QUANTITY, CREATED_AT) VALUES (12, '철학의 위안', 7, 13300, 187, TO_DATE('2025-04-08', 'YYYY-MM-DD'));
INSERT INTO PRODUCTS (PRODUCT_ID, NAME, CATEGORY_ID, PRICE, STOCK_QUANTITY, CREATED_AT) VALUES (13, '프로이트 심리학', 10, 14200, 135, TO_DATE('2025-04-14', 'YYYY-MM-DD'));
INSERT INTO PRODUCTS (PRODUCT_ID, NAME, CATEGORY_ID, PRICE, STOCK_QUANTITY, CREATED_AT) VALUES (14, '나는 내가 죽었다고 생각했습니다', 7, 17000, 51, TO_DATE('2025-04-06', 'YYYY-MM-DD'));
INSERT INTO PRODUCTS (PRODUCT_ID, NAME, CATEGORY_ID, PRICE, STOCK_QUANTITY, CREATED_AT) VALUES (15, 'EQ 감성지능', 10, 9000, 421, TO_DATE('2025-04-20', 'YYYY-MM-DD'));
INSERT INTO PRODUCTS (PRODUCT_ID, NAME, CATEGORY_ID, PRICE, STOCK_QUANTITY, CREATED_AT) VALUES (16, '밤의 여행자들', 9, 4700, 432, TO_DATE('2025-04-04', 'YYYY-MM-DD'));
INSERT INTO PRODUCTS (PRODUCT_ID, NAME, CATEGORY_ID, PRICE, STOCK_QUANTITY, CREATED_AT) VALUES (17, '지구 끝의 온실', 11, 14900, 483, TO_DATE('2025-05-28', 'YYYY-MM-DD'));
INSERT INTO PRODUCTS (PRODUCT_ID, NAME, CATEGORY_ID, PRICE, STOCK_QUANTITY, CREATED_AT) VALUES (18, '데미안', 8, 13100, 346, TO_DATE('2025-05-17', 'YYYY-MM-DD'));
INSERT INTO PRODUCTS (PRODUCT_ID, NAME, CATEGORY_ID, PRICE, STOCK_QUANTITY, CREATED_AT) VALUES (19, '동물농장', 8, 15900, 259, TO_DATE('2025-05-13', 'YYYY-MM-DD'));
INSERT INTO PRODUCTS (PRODUCT_ID, NAME, CATEGORY_ID, PRICE, STOCK_QUANTITY, CREATED_AT) VALUES (20, '하버드 새벽 4시 반', 11, 10100, 217, TO_DATE('2025-05-07', 'YYYY-MM-DD'));
INSERT INTO PRODUCTS (PRODUCT_ID, NAME, CATEGORY_ID, PRICE, STOCK_QUANTITY, CREATED_AT) VALUES (21, '성공의 정석', 7, 7500, 274, TO_DATE('2025-04-14', 'YYYY-MM-DD'));
INSERT INTO PRODUCTS (PRODUCT_ID, NAME, CATEGORY_ID, PRICE, STOCK_QUANTITY, CREATED_AT) VALUES (22, '고급 노트북', 7, 16300, 12, TO_DATE('2025-05-17', 'YYYY-MM-DD'));
INSERT INTO PRODUCTS (PRODUCT_ID, NAME, CATEGORY_ID, PRICE, STOCK_QUANTITY, CREATED_AT) VALUES (23, '라인프렌즈 볼펜', 8, 4200, 297, TO_DATE('2025-05-10', 'YYYY-MM-DD'));
INSERT INTO PRODUCTS (PRODUCT_ID, NAME, CATEGORY_ID, PRICE, STOCK_QUANTITY, CREATED_AT) VALUES (24, '북마크 세트', 11, 11800, 315, TO_DATE('2025-04-21', 'YYYY-MM-DD'));
INSERT INTO PRODUCTS (PRODUCT_ID, NAME, CATEGORY_ID, PRICE, STOCK_QUANTITY, CREATED_AT) VALUES (25, '책상용 독서대', 10, 9600, 303, TO_DATE('2025-04-10', 'YYYY-MM-DD'));


-- 주문(ORDERS) 테이블
INSERT INTO ORDERS (ORDER_ID, CUSTOMER_ID, ORDER_DATE, STATUS) VALUES (1, 8, TO_DATE('2025-06-01', 'YYYY-MM-DD'), '결제완료');
INSERT INTO ORDERS (ORDER_ID, CUSTOMER_ID, ORDER_DATE, STATUS) VALUES (2, 8, TO_DATE('2025-05-25', 'YYYY-MM-DD'), '결제완료');
INSERT INTO ORDERS (ORDER_ID, CUSTOMER_ID, ORDER_DATE, STATUS) VALUES (3, 4, TO_DATE('2025-06-11', 'YYYY-MM-DD'), '배송완료');
INSERT INTO ORDERS (ORDER_ID, CUSTOMER_ID, ORDER_DATE, STATUS) VALUES (4, 1, TO_DATE('2025-06-13', 'YYYY-MM-DD'), '결제완료');
INSERT INTO ORDERS (ORDER_ID, CUSTOMER_ID, ORDER_DATE, STATUS) VALUES (5, 8, TO_DATE('2025-04-13', 'YYYY-MM-DD'), '결제완료');
INSERT INTO ORDERS (ORDER_ID, CUSTOMER_ID, ORDER_DATE, STATUS) VALUES (6, 7, TO_DATE('2025-06-11', 'YYYY-MM-DD'), '취소');
INSERT INTO ORDERS (ORDER_ID, CUSTOMER_ID, ORDER_DATE, STATUS) VALUES (7, 4, TO_DATE('2025-04-07', 'YYYY-MM-DD'), '배송완료');
INSERT INTO ORDERS (ORDER_ID, CUSTOMER_ID, ORDER_DATE, STATUS) VALUES (8, 5, TO_DATE('2025-05-14', 'YYYY-MM-DD'), '배송중');
INSERT INTO ORDERS (ORDER_ID, CUSTOMER_ID, ORDER_DATE, STATUS) VALUES (9, 6, TO_DATE('2025-05-02', 'YYYY-MM-DD'), '배송중');
INSERT INTO ORDERS (ORDER_ID, CUSTOMER_ID, ORDER_DATE, STATUS) VALUES (10, 6, TO_DATE('2025-06-16', 'YYYY-MM-DD'), '결제완료');
INSERT INTO ORDERS (ORDER_ID, CUSTOMER_ID, ORDER_DATE, STATUS) VALUES (11, 9, TO_DATE('2025-05-23', 'YYYY-MM-DD'), '결제완료');
INSERT INTO ORDERS (ORDER_ID, CUSTOMER_ID, ORDER_DATE, STATUS) VALUES (12, 10, TO_DATE('2025-05-08', 'YYYY-MM-DD'), '결제완료');
INSERT INTO ORDERS (ORDER_ID, CUSTOMER_ID, ORDER_DATE, STATUS) VALUES (13, 4, TO_DATE('2025-06-27', 'YYYY-MM-DD'), '취소');
INSERT INTO ORDERS (ORDER_ID, CUSTOMER_ID, ORDER_DATE, STATUS) VALUES (14, 6, TO_DATE('2025-04-14', 'YYYY-MM-DD'), '취소');
INSERT INTO ORDERS (ORDER_ID, CUSTOMER_ID, ORDER_DATE, STATUS) VALUES (15, 6, TO_DATE('2025-05-23', 'YYYY-MM-DD'), '취소');
INSERT INTO ORDERS (ORDER_ID, CUSTOMER_ID, ORDER_DATE, STATUS) VALUES (16, 4, TO_DATE('2025-06-08', 'YYYY-MM-DD'), '결제완료');
INSERT INTO ORDERS (ORDER_ID, CUSTOMER_ID, ORDER_DATE, STATUS) VALUES (17, 8, TO_DATE('2025-06-11', 'YYYY-MM-DD'), '취소');
INSERT INTO ORDERS (ORDER_ID, CUSTOMER_ID, ORDER_DATE, STATUS) VALUES (18, 4, TO_DATE('2025-05-11', 'YYYY-MM-DD'), '배송중');
INSERT INTO ORDERS (ORDER_ID, CUSTOMER_ID, ORDER_DATE, STATUS) VALUES (19, 1, TO_DATE('2025-04-08', 'YYYY-MM-DD'), '결제완료');
INSERT INTO ORDERS (ORDER_ID, CUSTOMER_ID, ORDER_DATE, STATUS) VALUES (20, 2, TO_DATE('2025-05-08', 'YYYY-MM-DD'), '배송중');


-- 주문상세(ORDER_ITEMS) 테이블


INSERT INTO ORDER_ITEMS (ORDER_ITEM_ID, ORDER_ID, PRODUCT_ID, QUANTITY, PRICE_EACH) VALUES (1, 1, 8, 1, 4100);
INSERT INTO ORDER_ITEMS (ORDER_ITEM_ID, ORDER_ID, PRODUCT_ID, QUANTITY, PRICE_EACH) VALUES (2, 2, 1, 1, 14000);
INSERT INTO ORDER_ITEMS (ORDER_ITEM_ID, ORDER_ID, PRODUCT_ID, QUANTITY, PRICE_EACH) VALUES (3, 2, 1, 3, 14000);
INSERT INTO ORDER_ITEMS (ORDER_ITEM_ID, ORDER_ID, PRODUCT_ID, QUANTITY, PRICE_EACH) VALUES (4, 2, 3, 3, 12900);
INSERT INTO ORDER_ITEMS (ORDER_ITEM_ID, ORDER_ID, PRODUCT_ID, QUANTITY, PRICE_EACH) VALUES (5, 3, 5, 1, 10800);
INSERT INTO ORDER_ITEMS (ORDER_ITEM_ID, ORDER_ID, PRODUCT_ID, QUANTITY, PRICE_EACH) VALUES (6, 3, 15, 1, 9000);
INSERT INTO ORDER_ITEMS (ORDER_ITEM_ID, ORDER_ID, PRODUCT_ID, QUANTITY, PRICE_EACH) VALUES (7, 4, 9, 1, 9200);
INSERT INTO ORDER_ITEMS (ORDER_ITEM_ID, ORDER_ID, PRODUCT_ID, QUANTITY, PRICE_EACH) VALUES (8, 4, 3, 2, 12900);
INSERT INTO ORDER_ITEMS (ORDER_ITEM_ID, ORDER_ID, PRODUCT_ID, QUANTITY, PRICE_EACH) VALUES (9, 5, 25, 1, 9600);
INSERT INTO ORDER_ITEMS (ORDER_ITEM_ID, ORDER_ID, PRODUCT_ID, QUANTITY, PRICE_EACH) VALUES (10, 5, 14, 1, 17000);
INSERT INTO ORDER_ITEMS (ORDER_ITEM_ID, ORDER_ID, PRODUCT_ID, QUANTITY, PRICE_EACH) VALUES (11, 5, 23, 3, 4200);
INSERT INTO ORDER_ITEMS (ORDER_ITEM_ID, ORDER_ID, PRODUCT_ID, QUANTITY, PRICE_EACH) VALUES (12, 6, 2, 2, 12000);
INSERT INTO ORDER_ITEMS (ORDER_ITEM_ID, ORDER_ID, PRODUCT_ID, QUANTITY, PRICE_EACH) VALUES (13, 6, 19, 1, 15900);
INSERT INTO ORDER_ITEMS (ORDER_ITEM_ID, ORDER_ID, PRODUCT_ID, QUANTITY, PRICE_EACH) VALUES (14, 7, 13, 1, 14200);
INSERT INTO ORDER_ITEMS (ORDER_ITEM_ID, ORDER_ID, PRODUCT_ID, QUANTITY, PRICE_EACH) VALUES (15, 7, 2, 1, 12000);
INSERT INTO ORDER_ITEMS (ORDER_ITEM_ID, ORDER_ID, PRODUCT_ID, QUANTITY, PRICE_EACH) VALUES (16, 8, 1, 3, 14000);
INSERT INTO ORDER_ITEMS (ORDER_ITEM_ID, ORDER_ID, PRODUCT_ID, QUANTITY, PRICE_EACH) VALUES (17, 8, 11, 3, 15700);
INSERT INTO ORDER_ITEMS (ORDER_ITEM_ID, ORDER_ID, PRODUCT_ID, QUANTITY, PRICE_EACH) VALUES (18, 9, 16, 3, 4700);
INSERT INTO ORDER_ITEMS (ORDER_ITEM_ID, ORDER_ID, PRODUCT_ID, QUANTITY, PRICE_EACH) VALUES (19, 10, 10, 2, 12400);
INSERT INTO ORDER_ITEMS (ORDER_ITEM_ID, ORDER_ID, PRODUCT_ID, QUANTITY, PRICE_EACH) VALUES (20, 10, 10, 1, 12400);
INSERT INTO ORDER_ITEMS (ORDER_ITEM_ID, ORDER_ID, PRODUCT_ID, QUANTITY, PRICE_EACH) VALUES (21, 10, 15, 1, 9000);
INSERT INTO ORDER_ITEMS (ORDER_ITEM_ID, ORDER_ID, PRODUCT_ID, QUANTITY, PRICE_EACH) VALUES (22, 11, 13, 3, 14200);
INSERT INTO ORDER_ITEMS (ORDER_ITEM_ID, ORDER_ID, PRODUCT_ID, QUANTITY, PRICE_EACH) VALUES (23, 12, 6, 3, 7700);
INSERT INTO ORDER_ITEMS (ORDER_ITEM_ID, ORDER_ID, PRODUCT_ID, QUANTITY, PRICE_EACH) VALUES (24, 12, 25, 3, 9600);
INSERT INTO ORDER_ITEMS (ORDER_ITEM_ID, ORDER_ID, PRODUCT_ID, QUANTITY, PRICE_EACH) VALUES (25, 12, 25, 2, 9600);
INSERT INTO ORDER_ITEMS (ORDER_ITEM_ID, ORDER_ID, PRODUCT_ID, QUANTITY, PRICE_EACH) VALUES (26, 13, 9, 2, 9200);
INSERT INTO ORDER_ITEMS (ORDER_ITEM_ID, ORDER_ID, PRODUCT_ID, QUANTITY, PRICE_EACH) VALUES (27, 13, 1, 3, 14000);
INSERT INTO ORDER_ITEMS (ORDER_ITEM_ID, ORDER_ID, PRODUCT_ID, QUANTITY, PRICE_EACH) VALUES (28, 13, 24, 2, 11800);
INSERT INTO ORDER_ITEMS (ORDER_ITEM_ID, ORDER_ID, PRODUCT_ID, QUANTITY, PRICE_EACH) VALUES (29, 14, 1, 2, 14000);
INSERT INTO ORDER_ITEMS (ORDER_ITEM_ID, ORDER_ID, PRODUCT_ID, QUANTITY, PRICE_EACH) VALUES (30, 14, 21, 1, 7500);
INSERT INTO ORDER_ITEMS (ORDER_ITEM_ID, ORDER_ID, PRODUCT_ID, QUANTITY, PRICE_EACH) VALUES (31, 15, 22, 3, 16300);
INSERT INTO ORDER_ITEMS (ORDER_ITEM_ID, ORDER_ID, PRODUCT_ID, QUANTITY, PRICE_EACH) VALUES (32, 16, 22, 3, 16300);
INSERT INTO ORDER_ITEMS (ORDER_ITEM_ID, ORDER_ID, PRODUCT_ID, QUANTITY, PRICE_EACH) VALUES (33, 16, 3, 2, 12900);
INSERT INTO ORDER_ITEMS (ORDER_ITEM_ID, ORDER_ID, PRODUCT_ID, QUANTITY, PRICE_EACH) VALUES (34, 17, 5, 3, 10800);
INSERT INTO ORDER_ITEMS (ORDER_ITEM_ID, ORDER_ID, PRODUCT_ID, QUANTITY, PRICE_EACH) VALUES (35, 18, 15, 3, 9000);
INSERT INTO ORDER_ITEMS (ORDER_ITEM_ID, ORDER_ID, PRODUCT_ID, QUANTITY, PRICE_EACH) VALUES (36, 19, 7, 2, 16500);
INSERT INTO ORDER_ITEMS (ORDER_ITEM_ID, ORDER_ID, PRODUCT_ID, QUANTITY, PRICE_EACH) VALUES (37, 20, 17, 2, 14900);
INSERT INTO ORDER_ITEMS (ORDER_ITEM_ID, ORDER_ID, PRODUCT_ID, QUANTITY, PRICE_EACH) VALUES (38, 20, 17, 3, 14900);
INSERT INTO ORDER_ITEMS (ORDER_ITEM_ID, ORDER_ID, PRODUCT_ID, QUANTITY, PRICE_EACH) VALUES (39, 20, 22, 3, 16300);


-- 리뷰(REVIEWS) 테이블
INSERT INTO REVIEWS (REVIEW_ID, CUSTOMER_ID, PRODUCT_ID, RATING, CONTENT, CREATED_AT) VALUES (1, 8, 1, 3, '내용은 평범하지만 생각할 거리를 주는 책이에요.', TO_DATE('2025-06-02', 'YYYY-MM-DD'));
INSERT INTO REVIEWS (REVIEW_ID, CUSTOMER_ID, PRODUCT_ID, RATING, CONTENT, CREATED_AT) VALUES (2, 8, 3, 5, '문장이 너무 아름답고 인상 깊었습니다.', TO_DATE('2025-06-01', 'YYYY-MM-DD'));
INSERT INTO REVIEWS (REVIEW_ID, CUSTOMER_ID, PRODUCT_ID, RATING, CONTENT, CREATED_AT) VALUES (3, 4, 5, 3, '기대한 것보단 평범했어요.', TO_DATE('2025-06-02', 'YYYY-MM-DD'));
INSERT INTO REVIEWS (REVIEW_ID, CUSTOMER_ID, PRODUCT_ID, RATING, CONTENT, CREATED_AT) VALUES (4, 8, 25, 5, '선물용으로 딱입니다. 받는 분이 정말 좋아하셨어요.', TO_DATE('2025-06-01', 'YYYY-MM-DD'));
INSERT INTO REVIEWS (REVIEW_ID, CUSTOMER_ID, PRODUCT_ID, RATING, CONTENT, CREATED_AT) VALUES (5, 8, 14, 4, '주제는 무거웠지만 쉽게 읽혀서 좋았어요.', TO_DATE('2025-06-02', 'YYYY-MM-DD'));
INSERT INTO REVIEWS (REVIEW_ID, CUSTOMER_ID, PRODUCT_ID, RATING, CONTENT, CREATED_AT) VALUES (6, 8, 23, 4, '귀엽고 실용적이라 만족합니다.', TO_DATE('2025-06-01', 'YYYY-MM-DD'));
INSERT INTO REVIEWS (REVIEW_ID, CUSTOMER_ID, PRODUCT_ID, RATING, CONTENT, CREATED_AT) VALUES (7, 7, 19, 4, '고전이지만 지금 읽어도 흥미롭습니다.', TO_DATE('2025-06-02', 'YYYY-MM-DD'));
INSERT INTO REVIEWS (REVIEW_ID, CUSTOMER_ID, PRODUCT_ID, RATING, CONTENT, CREATED_AT) VALUES (8, 4, 13, 4, '기초 개념 잡기에 좋은 책입니다.', TO_DATE('2025-06-01', 'YYYY-MM-DD'));
INSERT INTO REVIEWS (REVIEW_ID, CUSTOMER_ID, PRODUCT_ID, RATING, CONTENT, CREATED_AT) VALUES (9, 4, 2, 3, '감정선은 좋았는데 결말이 아쉬웠어요.', TO_DATE('2025-06-02', 'YYYY-MM-DD'));
INSERT INTO REVIEWS (REVIEW_ID, CUSTOMER_ID, PRODUCT_ID, RATING, CONTENT, CREATED_AT) VALUES (10, 5, 11, 4, '생각보다 내용이 깊고 재미있었어요.', TO_DATE('2025-06-02', 'YYYY-MM-DD'));
INSERT INTO REVIEWS (REVIEW_ID, CUSTOMER_ID, PRODUCT_ID, RATING, CONTENT, CREATED_AT) VALUES (11, 6, 10, 4, '고전이지만 쉽게 읽혀서 좋았습니다.', TO_DATE('2025-06-02', 'YYYY-MM-DD'));
INSERT INTO REVIEWS (REVIEW_ID, CUSTOMER_ID, PRODUCT_ID, RATING, CONTENT, CREATED_AT) VALUES (12, 6, 10, 3, '조금 지루한 감이 있었어요.', TO_DATE('2025-06-02', 'YYYY-MM-DD'));
INSERT INTO REVIEWS (REVIEW_ID, CUSTOMER_ID, PRODUCT_ID, RATING, CONTENT, CREATED_AT) VALUES (13, 6, 15, 3, '내용이 다소 반복적이었지만 의미는 좋았습니다.', TO_DATE('2025-06-01', 'YYYY-MM-DD'));
INSERT INTO REVIEWS (REVIEW_ID, CUSTOMER_ID, PRODUCT_ID, RATING, CONTENT, CREATED_AT) VALUES (14, 9, 13, 5, '너무 재미있게 읽었어요. 추천합니다!', TO_DATE('2025-06-02', 'YYYY-MM-DD'));
INSERT INTO REVIEWS (REVIEW_ID, CUSTOMER_ID, PRODUCT_ID, RATING, CONTENT, CREATED_AT) VALUES (15, 10, 25, 4, '튼튼하고 디자인도 마음에 들어요.', TO_DATE('2025-06-01', 'YYYY-MM-DD'));
INSERT INTO REVIEWS (REVIEW_ID, CUSTOMER_ID, PRODUCT_ID, RATING, CONTENT, CREATED_AT) VALUES (16, 4, 9, 4, '일상에 동기부여가 되는 책이었어요.', TO_DATE('2025-06-01', 'YYYY-MM-DD'));
INSERT INTO REVIEWS (REVIEW_ID, CUSTOMER_ID, PRODUCT_ID, RATING, CONTENT, CREATED_AT) VALUES (17, 6, 1, 4, '다시 생각하게 만드는 이야기였습니다.', TO_DATE('2025-06-02', 'YYYY-MM-DD'));
INSERT INTO REVIEWS (REVIEW_ID, CUSTOMER_ID, PRODUCT_ID, RATING, CONTENT, CREATED_AT) VALUES (18, 6, 21, 4, '실용적인 팁이 많아서 도움이 됐어요.', TO_DATE('2025-06-02', 'YYYY-MM-DD'));
INSERT INTO REVIEWS (REVIEW_ID, CUSTOMER_ID, PRODUCT_ID, RATING, CONTENT, CREATED_AT) VALUES (19, 6, 22, 5, '퀄리티 대비 가격이 아주 만족스럽습니다.', TO_DATE('2025-06-02', 'YYYY-MM-DD'));
INSERT INTO REVIEWS (REVIEW_ID, CUSTOMER_ID, PRODUCT_ID, RATING, CONTENT, CREATED_AT) VALUES (20, 4, 3, 3, '분위기는 좋았지만 스토리는 평이했어요.', TO_DATE('2025-06-02', 'YYYY-MM-DD'));
INSERT INTO REVIEWS (REVIEW_ID, CUSTOMER_ID, PRODUCT_ID, RATING, CONTENT, CREATED_AT) VALUES (21, 1, 7, 4, '읽고 나서 삶의 태도를 바꾸게 되었어요.', TO_DATE('2025-06-01', 'YYYY-MM-DD'));
INSERT INTO REVIEWS (REVIEW_ID, CUSTOMER_ID, PRODUCT_ID, RATING, CONTENT, CREATED_AT) VALUES (22, 2, 17, 3, '메시지는 좋지만 전개가 아쉬웠습니다.', TO_DATE('2025-06-02', 'YYYY-MM-DD'));
INSERT INTO REVIEWS (REVIEW_ID, CUSTOMER_ID, PRODUCT_ID, RATING, CONTENT, CREATED_AT) VALUES (23, 2, 17, 3, '좋은 내용인데 집중이 잘 안 됐어요.', TO_DATE('2025-06-01', 'YYYY-MM-DD'));